{
    "pp": {
        "F": 400,
        "gridL": 256,
        "cellL": 0.73,
        "λ": 514.29,
        "depths": [1600.0, 1460.8695652173913, 1344.0, 1244.4444444444443, 1158.6206896551723, 1083.8709677419354, 1018.1818181818182, 960.0, 908.1081081081081, 861.5384615384615, 819.5121951219512, 781.3953488372093, 746.6666666666667, 714.8936170212766, 685.7142857142857, 658.8235294117648, 633.9622641509434, 610.9090909090909, 589.4736842105262, 569.4915254237288, 550.8196721311475, 533.3333333333334, 516.9230769230769, 501.4925373134328, 486.95652173913044, 473.23943661971833, 460.2739726027397, 448.0, 436.3636363636364, 425.3164556962025, 414.8148148148148, 404.8192771084337],
        "freqs": [1.0045435185185185],
	"ϵsub": [2.142],
        "ϵs": [
		[6.155]
        ],
        "order": 1279,
        "lb": 0.11,	
        "ub": 0.74,
        "thickness": 600,
        "material": "tiO2",
        "models_dir": "surdata" 
    },
    "recp": {
        "α": 1e4,
        "β": 1e3,
        "reg_type": "l1",
        "iters": 30000,
        "tol": 1e-7
    },
    "imgp": {
        "objL": 32,
        "imgL": 96,
        "binL": 2,
        "sbinL": 1,
        "obinL": 1,
        "sparsity": 0.02,
        "object_type": "beads",
        "object_data": [],
        "fixed_sparsity": true,
        "noise_level": 0.05,
        "objN": 10
    },
    "optp": {
        "fixα": true,
        "optimizer": "Adam",
        "η": 1e-2,
        "init": "uniform",
        "optname": "default",
        "iters": 5000,
        "hyperscale": 100
    }
}
