{
    "pp": {
        "F": 400,
        "gridL": 256,
        "cellL": 0.73,
	"λ": 4114.29,
        "freqs": [1.285715625, 1.2131531911375661, 1.1405907572751324, 1.0680283234126984, 0.9954658895502645, 0.9229034556878307, 0.8503410218253968, 0.7777785879629631],
        "ϵsub": [1.96, 1.96, 1.96, 1.96, 1.96, 1.96, 1.96, 1.96],
        "ϵs": [
                [10.562, 10.562, 10.562, 10.562, 10.562, 10.562, 10.562, 10.562]
        ],
        "depths": [1600.0, 1158.6206896551723, 908.1081081081081, 746.6666666666667, 633.9622641509434, 550.8196721311475, 486.95652173913044, 436.3636363636364],
        "lb": 0.07,
        "ub": 0.7,
        "thickness": 1100,
        "material": "gss4t1",
		"order": 1279,
        "models_dir": "surdata" 
    },
    "recp": {
        "α": 1e4,
        "β": 1e3,
        "reg_type": "l1",
        "iters": 30000,
        "tol": 1e-12
    },
    "imgp": {
        "objL": 32,
        "imgL": 96,
        "binL": 2,
        "sbinL": 1,
        "obinL": 1,
        "sparsity": 0.01,
        "object_type": "beads",
        "object_data": [],
        "fixed_sparsity": true,
        "noise_level": 0.05,
        "objN": 10
    },
    "optp": {
        "fixα": true,
        "optimizer": "Adam",
        "η": 1e-2,
        "init": "uniform",
        "optname": "default",
        "iters": 5000,
        "hyperscale": 100
    }
}
