{
    "pp": {
        "F": 400,
        "gridL": 256,
        "cellL": 0.73,
        "λ": 514.29,
        "freqs": [1.285725, 1.2131620370370368, 1.1405990740740741, 1.0680361111111112, 0.9954731481481481, 0.9229101851851852, 0.8503472222222223, 0.7777842592592593],
        "ϵsub": [2.161, 2.154, 2.148, 2.142, 2.136, 2.13, 2.125, 2.121],
        "ϵs": [
                [7.011, 6.654, 6.377, 6.155, 5.973, 5.821, 5.693, 5.585]
        ],
        "depths": [1600.0, 1158.6206896551723, 908.1081081081081, 746.6666666666667, 633.9622641509434, 550.8196721311475, 486.95652173913044, 436.3636363636364],
        "order": 1279,
        "lb": 0.11,	
        "ub": 0.74,
        "thickness": 600,
        "material": "tiO2",
        "models_dir": "surdata" 
    },
    "recp": {
        "α": 1e4,
        "β": 1e3,
        "reg_type": "l1",
        "iters": 30000,
        "tol": 1e-12
    },
    "imgp": {
        "objL": 32,
        "imgL": 96,
        "binL": 2,
        "sbinL": 1,
        "obinL": 1,
        "sparsity": 0.01,
        "object_type": "beads",
        "object_data": [],
        "fixed_sparsity": true,
        "noise_level": 0.05,
        "objN": 10
    },
    "optp": {
        "fixα": true,
        "optimizer": "Adam",
        "η": 1e-2,
        "init": "uniform",
        "optname": "default",
        "iters": 5000,
        "hyperscale": 100
    }
}
