{
    "pp": {
        "F": 400,
        "gridL": 256,
        "cellL": 0.73,
		"λ": 4114.29,
        "freqs": [1.285715625],
        "ϵsub": [1.96],
        "ϵs": [
                [10.562],
                [21.623]
        ],
        "depths": [1600.0, 1527.2727272727273, 1460.8695652173913, 1400.0, 1344.0, 1292.3076923076922, 1244.4444444444443, 1200.0, 1158.6206896551723, 1120.0, 1083.8709677419354, 1050.0, 1018.1818181818182, 988.2352941176471, 960.0, 933.3333333333334, 908.1081081081081, 884.2105263157895, 861.5384615384615, 840.0, 819.5121951219512, 800.0, 781.3953488372093, 763.6363636363636, 746.6666666666667, 730.4347826086956, 714.8936170212766, 700.0, 685.7142857142857, 672.0, 658.8235294117648, 646.1538461538461, 633.9622641509434, 622.2222222222222, 610.9090909090909, 600.0, 589.4736842105262, 579.3103448275862, 569.4915254237288, 560.0, 550.8196721311475, 541.9354838709677, 533.3333333333334, 525.0, 516.9230769230769, 509.0909090909091, 501.4925373134328, 494.11764705882354, 486.95652173913044, 480.0, 473.23943661971833, 466.6666666666667, 460.2739726027397, 454.05405405405406, 448.0, 442.10526315789474, 436.3636363636364, 430.7692307692308, 425.3164556962025, 420.0, 414.8148148148148, 409.7560975609756, 404.8192771084337, 400.0], 
        "lb": 0.07,
        "ub": 0.7,
        "thickness": 1100,
        "material": "gss4t1",
	"order": 1279,
        "models_dir": "surdata" 
    },
    "recp": {
        "α": 1e4,
        "β": 1e3,
        "reg_type": "l1",
        "iters": 30000,
        "tol": 1e-10
    },
    "imgp": {
        "objL": 32,
        "imgL": 96,
        "binL": 2,
        "sbinL": 1,
        "obinL": 1,
        "sparsity": 0.01,
        "object_type": "beads",
        "object_data": [],
        "fixed_sparsity": true,
        "noise_level": 0.05,
        "objN": 10
    },
    "optp": {
        "fixα": true,
        "optimizer": "Adam",
        "η": 1e-2,
        "init": "uniform",
        "optname": "default",
        "iters": 5000,
        "hyperscale": 100
    }
}
