{
    "pp": {
        "F": 400,
        "gridL": 256,
        "cellL": 0.73,
        "depths": [
                20000
        ],
        "λ": 514.29,
        "freqs": [
		1.285725,1.2766546296296295,1.2675842592592592,1.2585138888888887,1.2494435185185184,1.2403731481481481,1.2313027777777779,1.2222324074074074,1.2131620370370368,1.2040916666666666,1.1950212962962963,1.185950925925926,1.1768805555555555,1.1678101851851852,1.1587398148148147,1.1496694444444442,1.1405990740740741,1.1315287037037036,1.1224583333333333,1.1133879629629628,1.1043175925925928,1.0952472222222223,1.0861768518518518,1.0771064814814812,1.0680361111111112,1.0589657407407407,1.0498953703703702,1.0408250000000001,1.0317546296296296,1.022684259259259,1.013613888888889,1.0045435185185185,0.9954731481481481,0.9864027777777777,0.9773324074074073,0.9682620370370371,0.9591916666666666,0.9501212962962964,0.9410509259259261,0.9319805555555556,0.9229101851851852,0.9138398148148147,0.9047694444444445,0.895699074074074,0.8866287037037037,0.8775583333333334,0.8684879629629629,0.8594175925925925,0.8503472222222223,0.841276851851852,0.8322064814814815,0.823136111111111,0.8140657407407407,0.8049953703703704,0.795925,0.7868546296296296,0.7777842592592593,0.7687138888888889,0.7596435185185185,0.7505731481481481,0.7415027777777778,0.7324324074074074,0.723362037037037,0.7142916666666667
        ],
        "ϵsub": [
		2.161, 2.16 , 2.159, 2.159, 2.158, 2.157, 2.156, 2.155, 2.154,
       2.153, 2.153, 2.152, 2.151, 2.15 , 2.149, 2.148, 2.148, 2.147,
       2.146, 2.145, 2.145, 2.144, 2.143, 2.142, 2.142, 2.141, 2.14 ,
       2.139, 2.139, 2.138, 2.137, 2.137, 2.136, 2.135, 2.134, 2.134,
       2.133, 2.132, 2.132, 2.131, 2.13 , 2.13 , 2.129, 2.129, 2.128,
       2.127, 2.127, 2.126, 2.125, 2.125, 2.124, 2.124, 2.123, 2.122,
       2.122, 2.121, 2.121, 2.12 , 2.119, 2.119, 2.118, 2.118, 2.117,
       2.117
	], 
        "ϵs": [[
		7.011, 6.96 , 6.912, 6.865, 6.82 , 6.776, 6.734, 6.693, 6.654,
        6.615, 6.578, 6.542, 6.507, 6.473, 6.44 , 6.408, 6.377, 6.347,
        6.317, 6.288, 6.26 , 6.233, 6.206, 6.18 , 6.155, 6.13 , 6.106,
        6.083, 6.06 , 6.037, 6.015, 5.994, 5.973, 5.953, 5.933, 5.913,
        5.894, 5.875, 5.857, 5.839, 5.821, 5.804, 5.787, 5.771, 5.755,
        5.739, 5.723, 5.708, 5.693, 5.679, 5.664, 5.651, 5.637, 5.623,
        5.61 , 5.597, 5.585, 5.572, 5.56 , 5.548, 5.537, 5.525, 5.514,
        5.503
        ]],
        "order": 1279,
        "lb": 0.11,	
        "ub": 0.74,
        "thickness": 600,
        "material": "tiO2",
        "models_dir": "surdata" 
    },
    "recp": {
        "α": 1e4,
        "β": 1e3,
        "reg_type": "l1",
        "iters": 20000,
        "tol": 1e-12
    },
    "imgp": {
        "objL": 32,
        "imgL": 96,
        "binL": 2,
        "sbinL": 1,
        "obinL": 1,
        "sparsity": 0.02,
        "object_type": "beads",
        "object_data": [],
        "fixed_sparsity": true,
        "noise_level": 0.05,
        "objN": 50
    },
    "optp": {
        "fixα": true,
        "optimizer": "Adam",
        "η": 1e-2,
        "init": "uniform",
        "optname": "default",
        "iters": 5000,
        "hyperscale": 100
    }
}
